{
    "normals": [1,0,0,-0.499985,0,-0.866024,-0.040529,0.996704,-0.070223,0.081088,0.996704,0,-0.040529,-0.996704,-0.070223,0.081088,-0.996704,0,-0.499985,0,0.866024,-0.040529,0.996704,0.070223,-0.040529,-0.996704,0.070223],
    "materials": [{
        "depthWrite": true,
        "colorAmbient": [0.8,0.8,0.8],
        "depthTest": true,
        "colorSpecular": [1,1,1],
        "shading": "basic",
        "blending": "NormalBlending",
        "opacity": 0,
        "wireframe": false,
        "transparent": true,
        "visible": true,
        "DbgColor": 15658734,
        "DbgName": "Material.001",
        "DbgIndex": 0,
        "vertexColors": false,
        "specularCoef": 50,
        "doubleSided": true
    }],
    "metadata": {
        "materials": 1,
        "generator": "io_three",
        "colors": 0,
        "version": 3,
        "vertices": 9,
        "faces": 9,
        "normals": 9,
        "type": "Geometry"
    },
    "name": "TorusGeometry",
    "vertices": [0.382249,0,0,0.267574,0.066207,-0,0.267574,-0.066207,0,-0.191124,-0,-0.331037,-0.133787,0.066207,-0.231726,-0.133787,-0.066207,-0.231726,-0.191124,0,0.331037,-0.133787,0.066207,0.231726,-0.133787,-0.066207,0.231726],
    "faces": [35,0,3,4,1,0,0,1,2,3,35,1,4,5,2,0,3,2,4,5,35,0,2,5,3,0,0,5,4,1,35,3,6,7,4,0,1,6,7,2,35,4,7,8,5,0,2,7,8,4,35,5,8,6,3,0,4,8,6,1,35,6,0,1,7,0,6,0,3,7,35,7,1,2,8,0,7,3,5,8,35,0,6,8,2,0,0,6,8,5]
}