{
    "metadata": {
        "bones": 0,
        "morphTargets": 2,
        "normals": 12,
        "faces": 20,
        "uvs": 0,
        "colors": 0,
        "type": "Geometry",
        "materials": 1,
        "generator": "io_three",
        "vertices": 12,
        "version": 3
    },
    "morphTargets": [{
        "vertices": [0,-2.84923,0,0,-2.84923,0,-0,-2.84923,1e-06,-1e-06,-2.84923,0,-0,-2.84923,-0,0,-2.84923,-0,0,-2.84923,1e-06,-0,-2.84923,0,-0,-2.84923,-0,0,-2.84923,-0,1e-06,-2.84923,0,0,-2.84923,0],
        "name": "animation_000000"
    },{
        "vertices": [-0,-2.36334,0,-0.351592,-2.63193,-0.255443,0.134294,-2.63193,-0.41332,0.434595,-2.63193,0,0.134294,-2.63193,0.41332,-0.351592,-2.63193,0.255444,-0.134294,-3.06653,-0.41332,0.351592,-3.06653,-0.255443,0.351592,-3.06653,0.255444,-0.134294,-3.06653,0.41332,-0.434595,-3.06653,0,-0,-3.33513,0],
        "name": "animation_000001"
    }],
    "normals": [-0.014588,-0.999878,0,0.816675,-0.433271,0.381176,-0.134159,-0.514481,0.846919,0.816675,-0.433271,-0.381176,-0.922727,-0.385388,0,-0.134159,-0.514481,-0.846919,0.916807,0.395032,0.057863,0.542222,0.389416,0.744499,-0.74105,0.439467,0.507614,-0.720695,0.401379,-0.565203,0.565172,0.366497,-0.739067,-0.02176,0.999725,-0.006104],
    "materials": [{
        "DbgColor": 15658734,
        "opacity": 0.5,
        "transparent": true,
        "wireframe": false,
        "colorSpecular": [0.5,0.5,0.5],
        "DbgName": "Material.004",
        "DbgIndex": 0,
        "depthTest": true,
        "visible": true,
        "blending": "NormalBlending",
        "vertexColors": false,
        "depthWrite": true,
        "specularCoef": 50,
        "colorAmbient": [0.8,0.8,0.8],
        "shading": "basic"
    }],
    "uvs": [],
    "faces": [34,0,1,2,0,0,1,2,34,1,0,5,0,1,0,3,34,0,2,3,0,0,2,4,34,0,3,4,0,0,4,5,34,0,4,5,0,0,5,3,34,1,5,10,0,1,3,6,34,2,1,6,0,2,1,7,34,3,2,7,0,4,2,8,34,4,3,8,0,5,4,9,34,5,4,9,0,3,5,10,34,1,10,6,0,1,6,7,34,2,6,7,0,2,7,8,34,3,7,8,0,4,8,9,34,4,8,9,0,5,9,10,34,5,9,10,0,3,10,6,34,6,10,11,0,7,6,11,34,7,6,11,0,8,7,11,34,8,7,11,0,9,8,11,34,9,8,11,0,10,9,11,34,10,9,11,0,6,10,11],
    "colors": [],
    "vertices": [0,-2.84923,0,0,-2.84923,0,-0,-2.84923,1e-06,-1e-06,-2.84923,0,-0,-2.84923,-0,0,-2.84923,-0,0,-2.84923,1e-06,-0,-2.84923,0,-0,-2.84923,-0,0,-2.84923,-0,1e-06,-2.84923,0,0,-2.84923,0],
    "influencesPerVertex": 2,
    "name": "IcosphereGeometry.4"
}