{
    "normals": [0.814844,0.338603,-0.470443,0,-1,0,-0.814844,0.338603,-0.470443,0,0.338603,0.940916],
    "materials": [{
        "transparent": false,
        "colorEmissive": [2.3574,1.78987,0],
        "colorSpecular": [1,1,1],
        "wireframe": false,
        "vertexColors": false,
        "visible": true,
        "opacity": 0,
        "blending": "NormalBlending",
        "DbgColor": 15658734,
        "shading": "phong",
        "colorAmbient": [0.785801,0.596622,0],
        "specularCoef": 50,
        "depthTest": true,
        "DbgName": "Material.001",
        "DbgIndex": 0,
        "depthWrite": true
    }],
    "name": "ConeGeometry",
    "faces": [34,0,1,2,0,0,1,2,34,3,0,2,0,3,0,2,34,3,1,0,0,3,1,0,34,2,1,3,0,2,1,3,34,4,5,6,0,0,1,2,34,7,4,6,0,3,0,2,34,7,5,4,0,3,1,0,34,6,5,7,0,2,1,3,34,8,9,10,0,0,1,2,34,11,8,10,0,3,0,2,34,11,9,8,0,3,1,0,34,10,9,11,0,2,1,3,34,12,13,14,0,0,1,2,34,15,12,14,0,3,0,2,34,15,13,12,0,3,1,0,34,14,13,15,0,2,1,3,34,16,17,18,0,0,1,2,34,19,16,18,0,3,0,2,34,19,17,16,0,3,1,0,34,18,17,19,0,2,1,3],
    "vertices": [0.050069,1.25644,-0.028907,0,1.17203,-0,-0.050069,1.25644,-0.028907,0,1.25644,0.057814,0.061428,1.42395,-0.035466,0,1.32039,-0,-0.061428,1.42395,-0.035466,0,1.42395,0.070931,0.079944,1.63844,-0.046156,0,1.50367,-0,-0.079944,1.63844,-0.046156,0,1.63844,0.092311,0.093876,1.85075,-0.054199,0,1.69249,-0,-0.093876,1.85075,-0.054199,0,1.85075,0.108398,0.113636,2.09177,-0.065608,0,1.9002,-0,-0.113636,2.09177,-0.065608,0,2.09177,0.131216],
    "metadata": {
        "normals": 4,
        "generator": "io_three",
        "type": "Geometry",
        "version": 3,
        "vertices": 20,
        "materials": 1,
        "colors": 0,
        "faces": 20
    },
    "colors": []
}