{
    "metadata": {
        "version": 3,
        "faces": 6,
        "generator": "io_three",
        "colors": 0,
        "normals": 8,
        "materials": 1,
        "vertices": 8,
        "type": "Geometry"
    },
    "faces": [35,2,0,1,3,0,0,1,2,3,35,3,7,6,2,0,3,4,5,0,35,7,5,4,6,0,4,6,7,5,35,0,4,5,1,0,1,7,6,2,35,0,2,6,4,0,1,0,5,7,35,5,7,3,1,0,6,4,3,2],
    "normals": [-0.577349,0,-0.816492,-0.577349,-0.816492,0,-0.577349,0,0.816492,-0.577349,0.816492,0,0.577349,0.816492,0,0.577349,0,-0.816492,0.577349,0,0.816492,0.577349,-0.816492,0],
    "materials": [{
        "visible": true,
        "blending": "NormalBlending",
        "transparent": true,
        "colorSpecular": [0.5,0.5,0.5],
        "vertexColors": false,
        "DbgColor": 15658734,
        "shading": "flat",
        "depthWrite": true,
        "DbgIndex": 0,
        "colorAmbient": [0.64,0.64,0.64],
        "opacity": 0,
        "doubleSided": true,
        "wireframe": false,
        "specularCoef": 50,
        "depthTest": true,
        "DbgName": "Material.003"
    }],
    "vertices": [-0.658889,0.389127,0.017667,-0.658889,1.05582,0.684356,-0.658889,1.05582,-0.649021,-0.658889,1.7225,0.017667,0.283951,0.389127,0.017667,0.283951,1.05582,0.684356,0.283951,1.05582,-0.649021,0.283951,1.7225,0.017667],
    "name": "CubeGeometry"
}