{
    "normals": [0.903439,0.257393,-0.342753,0.913205,0.37022,0.170141,0.134678,0.983306,0.122105,0.980071,0.075442,-0.18366,0.687796,-0.325602,0.648732,0.572283,0.471084,0.671194,0.996948,-0.037141,-0.068392,0.622944,0.670614,0.402661,0.454726,0.667013,-0.590167,0.966186,0.194525,0.169103,-0.441664,0.58034,-0.684164,-0.580462,0.490646,0.649831,-0.982421,0.185064,0.02411,-0.029511,0.378582,0.925077,0.760979,0.38139,0.524796,-0.962127,-0.269692,0.039094,-0.892239,-0.4026,-0.204443,-0.18894,-0.981231,0.038362,0.219306,-0.579608,0.784783,0.731559,-0.665212,0.149144,0.446059,-0.644093,-0.621387,-0.183691,-0.130284,-0.974303,-0.762566,-0.473067,-0.441176,-0.823328,-0.396435,-0.40611,-0.650319,-0.49443,0.576678,-0.51677,0.177923,0.837397,-0.997406,-0.071627,-0.001923,-0.499893,-0.218757,0.837977,0.013459,0.295724,0.955168,0.412397,0.050905,0.909543,0.634571,0.076479,-0.769036,-0.424574,0.646992,-0.63332,-0.962127,-0.269662,0.039094,-0.441664,0.58037,-0.684164],
    "materials": [{
        "transparent": false,
        "colorEmissive": [0,0,0],
        "colorSpecular": [0.3634,0.3634,0.3634],
        "wireframe": false,
        "vertexColors": false,
        "visible": true,
        "opacity": 1,
        "blending": "NormalBlending",
        "DbgColor": 15658734,
        "shading": "flat",
        "colorAmbient": [0.6125,0.6125,0.6125],
        "specularCoef": 50,
        "depthTest": true,
        "DbgName": "Mat",
        "DbgIndex": 0,
        "depthWrite": true
    }],
    "name": "ID5Geometry",
    "faces": [34,27,8,9,0,0,1,2,34,26,2,8,0,3,4,1,34,13,3,8,0,5,6,1,34,18,4,8,0,7,8,1,34,17,9,8,0,9,2,1,34,52,9,4,0,10,2,8,34,23,9,6,0,11,2,12,34,24,0,9,0,13,14,2,34,42,10,11,0,15,16,17,34,19,11,2,0,18,17,4,34,31,3,2,0,19,6,4,34,33,5,3,0,20,21,6,34,44,10,5,0,22,16,21,34,36,6,5,0,23,12,21,34,38,7,6,0,24,25,12,34,41,1,7,0,26,27,25,34,22,7,1,0,28,25,27,34,20,1,2,0,29,27,4,34,3,30,4,0,6,30,8,34,47,6,4,0,31,12,8,34,14,12,2,0,29,29,4,34,21,0,1,0,29,14,27,34,2,13,8,0,4,5,1,34,13,2,3,0,5,4,6,34,0,14,2,0,14,29,4,34,14,0,12,0,29,14,29,34,0,15,1,0,14,28,27,34,15,0,7,0,28,14,25,34,7,16,9,0,25,13,2,34,16,7,0,0,13,25,14,34,28,17,8,0,9,9,1,34,17,4,9,0,9,8,2,34,25,18,8,0,7,7,1,34,18,3,4,0,7,6,8,34,1,19,2,0,27,18,4,34,19,1,11,0,18,27,17,34,12,20,2,0,29,29,4,34,20,12,1,0,29,29,27,34,12,21,1,0,29,29,27,34,21,12,0,0,29,29,14,34,15,22,1,0,28,28,27,34,22,15,7,0,28,28,25,34,7,23,6,0,25,11,12,34,23,7,9,0,11,25,2,34,16,24,9,0,13,13,2,34,24,16,0,0,13,13,14,34,3,25,8,0,6,7,1,34,25,3,18,0,7,6,7,34,0,26,8,0,14,3,1,34,29,0,2,0,3,14,4,34,0,27,9,0,14,0,2,34,27,0,8,0,0,14,1,34,4,28,8,0,8,9,1,34,28,4,17,0,9,8,9,34,26,29,2,0,3,3,4,34,29,26,0,0,3,3,14,34,30,5,4,0,30,21,8,34,32,3,5,0,30,6,21,34,46,31,2,0,19,19,4,34,31,11,3,0,19,17,6,34,30,32,5,0,30,30,21,34,32,30,3,0,30,30,6,34,11,33,3,0,17,20,6,34,34,11,5,0,20,17,21,34,33,35,5,0,20,20,21,34,34,33,11,0,20,20,17,34,35,34,5,0,20,20,21,34,35,33,34,0,20,20,20,34,10,36,5,0,16,23,21,34,37,10,6,0,23,16,12,34,36,37,6,0,23,23,12,34,37,36,10,0,23,23,16,34,10,38,6,0,16,24,12,34,39,10,7,0,24,16,25,34,38,39,7,0,24,24,25,34,39,38,10,0,24,24,16,34,10,40,7,0,16,26,25,34,40,10,1,0,26,16,27,34,40,41,7,0,26,26,25,34,41,40,1,0,26,26,27,34,1,42,11,0,27,15,17,34,43,1,10,0,32,27,16,34,42,43,10,0,15,32,16,34,43,42,1,0,32,15,27,34,11,44,5,0,17,22,21,34,45,11,10,0,22,17,16,34,44,45,10,0,22,22,16,34,45,44,11,0,22,22,17,34,11,46,2,0,17,19,4,34,46,11,31,0,19,17,19,34,5,47,4,0,21,31,8,34,47,48,6,0,31,31,12,34,49,5,6,0,31,21,12,34,48,47,5,0,31,31,21,34,48,49,6,0,31,31,12,34,49,48,5,0,31,31,21,34,6,50,4,0,12,33,8,34,51,6,9,0,10,12,2,34,50,51,9,0,33,10,2,34,51,50,6,0,10,33,12,34,50,52,4,0,33,10,8,34,52,50,9,0,10,33,2],
    "vertices": [0.2151,0.372564,0.397965,-0.324599,-0.562219,0.69502,0.301515,-0.699293,0.418803,0.720194,-0.370622,-0.168854,0.207583,0.318391,-0.523304,-0.165657,-0.286928,-0.891481,-0.836694,0.168837,0.024005,-0.371855,0.101264,0.490255,0.171299,0.024966,0.021494,-0.036387,0.936975,0.158939,-0.310396,-0.73676,-0.15894,-0.151382,-1.2622,0.12964,0.072795,-0.324809,0.501539,0.395565,-0.377939,0.113066,0.219405,-0.190428,0.427538,-0.080669,0.024968,0.509766,-0.054615,0.4405,0.361548,0.129443,0.37834,-0.145855,0.321157,0.071348,-0.287585,-0.105721,-0.843649,0.425999,0.049353,-0.492184,0.521541,0.02806,-0.160436,0.512619,-0.259973,-0.107863,0.553427,-0.442674,0.330286,0.254077,0.020872,0.547529,0.320155,0.406734,-0.09202,-0.147906,0.216694,-0.115246,0.206116,0.131338,0.362019,0.16927,0.164109,0.281193,-0.232159,0.24007,-0.101451,0.336503,0.210517,-0.051444,-0.557665,0.414051,-0.658018,0.050935,0.281905,-0.230993,-0.516617,0.39331,-0.489266,-0.280522,0.02207,-0.70226,-0.326234,0.114516,-0.503593,-0.465793,-0.352707,-0.303262,-0.496333,-0.450507,-0.359001,-0.24365,-0.608847,0.01405,0.148231,-0.430138,-0.178768,0.184438,-0.326728,-0.518699,0.184161,-0.346814,-0.248199,0.520693,-0.239302,-0.936528,0.212414,-0.301785,-0.706783,0.25951,-0.219758,-0.570125,-0.494294,-0.250294,-0.83131,-0.16144,0.181955,-0.879332,0.202259,-0.024866,0.207942,-0.480304,-0.148657,-0.014328,-0.624387,-0.341214,-0.049325,-0.531048,-0.22087,0.400435,-0.177102,-0.299336,0.546923,-0.002181,0.011254,0.549679,-0.200356],
    "morphTargets": [{
        "vertices": [0.2151,0.372564,0.397965,-0.324599,-0.562219,0.69502,0.301515,-0.699293,0.418803,0.720194,-0.370622,-0.168854,0.207583,0.318391,-0.523304,-0.165657,-0.286928,-0.891481,-0.836694,0.168837,0.024005,-0.371855,0.101264,0.490255,0.171299,0.024966,0.021494,-0.036387,0.936975,0.158939,-0.310396,-0.73676,-0.15894,-0.151382,-1.2622,0.12964,0.072795,-0.324809,0.501539,0.395565,-0.377939,0.113066,0.219405,-0.190428,0.427538,-0.080669,0.024968,0.509766,-0.054615,0.4405,0.361548,0.129443,0.37834,-0.145855,0.321157,0.071348,-0.287585,-0.105721,-0.843649,0.425999,0.049353,-0.492184,0.521541,0.02806,-0.160436,0.512619,-0.259973,-0.107863,0.553427,-0.442674,0.330286,0.254077,0.020872,0.547529,0.320155,0.406734,-0.09202,-0.147906,0.216694,-0.115246,0.206116,0.131338,0.362019,0.16927,0.164109,0.281193,-0.232159,0.24007,-0.101451,0.336503,0.210517,-0.051444,-0.557665,0.414051,-0.658018,0.050935,0.281905,-0.230993,-0.516617,0.39331,-0.489266,-0.280522,0.02207,-0.70226,-0.326234,0.114516,-0.503593,-0.465793,-0.352707,-0.303262,-0.496333,-0.450507,-0.359001,-0.24365,-0.608847,0.01405,0.148231,-0.430138,-0.178768,0.184438,-0.326728,-0.518699,0.184161,-0.346814,-0.248199,0.520693,-0.239302,-0.936528,0.212414,-0.301785,-0.706783,0.25951,-0.219758,-0.570125,-0.494294,-0.250294,-0.83131,-0.16144,0.181955,-0.879332,0.202259,-0.024866,0.207942,-0.480304,-0.148657,-0.014328,-0.624387,-0.341214,-0.049325,-0.531048,-0.22087,0.400435,-0.177102,-0.299336,0.546923,-0.002181,0.011254,0.549679,-0.200356],