{
    "normals": [-0.73339,-0.664846,0.141758,0.866024,-6.1e-05,0.499954,-0.88406,0.250893,0.394299,-0.243904,-0.664846,-0.706015,-0.486373,0.827387,-0.280801,-0.100558,0.250893,-0.962767,-0.489486,-0.664846,-0.564226,0,0,0.999969,-0.783502,0.250893,-0.568468,0.489486,-0.664846,-0.564226,0,0.827387,-0.561602,0.783502,0.250893,-0.568468,-0.243904,-0.664846,0.706015,0.866024,-3.1e-05,-0.499985,-0.100558,0.250893,0.962767,-0.73339,-0.664846,-0.141758,-0.486373,0.827387,0.280801,-0.88406,0.250893,-0.394299,0.489486,-0.664846,0.564226,0,0,-1,0.783502,0.250893,0.568468,-0.489486,-0.664846,0.564226,0,0.827387,0.561602,-0.783502,0.250893,0.568468,0.73339,-0.664846,-0.141758,-0.866024,-6.1e-05,-0.499985,0.88406,0.250893,-0.394299,0.243904,-0.664846,0.706015,0.486373,0.827387,0.280801,0.100558,0.250893,0.962767,0.243904,-0.664846,-0.706015,-0.865993,0,0.500015,0.100558,0.250893,-0.962767,0.73339,-0.664846,0.141758,0.486373,0.827387,-0.280801,0.88406,0.250893,0.394269],
    "materials": [{
        "transparent": true,
        "colorEmissive": [1.28,1.28,1.28],
        "colorSpecular": [0.5,0.5,0.5],
        "wireframe": false,
        "vertexColors": false,
        "visible": true,
        "opacity": 0,
        "blending": "NormalBlending",
        "DbgColor": 15658734,
        "shading": "flat",
        "specularCoef": 50,
        "depthTest": true,
        "DbgName": "Material",
        "DbgIndex": 0,
        "depthWrite": true
    }],
    "name": "Cone.001Geometry",
    "faces": [34,0,1,2,0,0,1,2,34,3,0,2,0,3,0,2,34,2,4,5,0,2,4,5,34,2,5,3,0,2,5,3,34,3,1,0,0,3,1,0,34,2,1,4,0,2,1,4,34,5,1,3,0,5,1,3,34,4,1,5,0,4,1,5,34,6,7,8,0,6,7,8,34,9,6,8,0,9,6,8,34,8,10,11,0,8,10,11,34,8,11,9,0,8,11,9,34,9,7,6,0,9,7,6,34,8,7,10,0,8,7,10,34,11,7,9,0,11,7,9,34,10,7,11,0,10,7,11,34,12,13,14,0,12,13,14,34,15,12,14,0,15,12,14,34,14,16,17,0,14,16,17,34,14,17,15,0,14,17,15,34,15,13,12,0,15,13,12,34,14,13,16,0,14,13,16,34,17,13,15,0,17,13,15,34,16,13,17,0,16,13,17,34,18,19,20,0,18,19,20,34,21,18,20,0,21,18,20,34,20,22,23,0,20,22,23,34,20,23,21,0,20,23,21,34,21,19,18,0,21,19,18,34,20,19,22,0,20,19,22,34,23,19,21,0,23,19,21,34,22,19,23,0,22,19,23,34,24,25,26,0,24,25,26,34,27,24,26,0,27,24,26,34,26,28,29,0,26,28,29,34,26,29,27,0,26,29,27,34,27,25,24,0,27,25,24,34,26,25,28,0,26,25,28,34,29,25,27,0,29,25,27,34,28,25,29,0,28,25,29,34,30,31,32,0,30,31,32,34,33,30,32,0,33,30,32,34,32,34,35,0,32,34,35,34,32,35,33,0,32,35,33,34,33,31,30,0,33,31,30,34,32,31,34,0,32,31,34,34,35,31,33,0,35,31,33,34,34,31,35,0,34,31,35],
    "vertices": [1.72596,-0.134164,1.10353,3.50436,0,2.02325,1.69731,0.051246,1.15315,1.81867,-0.134164,0.942961,1.77231,0.165836,1.02324,1.84731,0.051246,0.893342,-0.092705,-0.134164,2.04649,0,0,4.04649,-0.15,0.051246,2.04649,0.092705,-0.134164,2.04649,0,0.165836,2.04649,0.15,0.051246,2.04649,1.81867,-0.134164,-0.942961,3.50436,0,-2.02325,1.84731,0.051246,-0.893343,1.72596,-0.134164,-1.10353,1.77231,0.165836,-1.02325,1.69731,0.051246,-1.15315,0.092704,-0.134164,-2.04649,-1e-06,-0,-4.04649,0.149999,0.051246,-2.04649,-0.092706,-0.134164,-2.04649,-1e-06,0.165836,-2.04649,-0.150001,0.051246,-2.04649,-1.72596,-0.134164,-1.10353,-3.50437,0,-2.02324,-1.69731,0.051246,-1.15315,-1.81867,-0.134164,-0.94296,-1.77231,0.165836,-1.02324,-1.84731,0.051246,-0.893341,-1.81866,-0.134164,0.942962,-3.50436,0,2.02325,-1.84731,0.051246,0.893344,-1.72596,-0.134164,1.10353,-1.77231,0.165836,1.02325,-1.69731,0.051246,1.15315],
    "metadata": {
        "normals": 36,
        "generator": "io_three",
        "type": "Geometry",
        "version": 3,
        "vertices": 36,
        "materials": 1,
        "colors": 0,
        "faces": 48
    }
}